<?xml version="1.0" encoding="UTF-8"?>
<!DOCTYPE hibernate-mapping PUBLIC "-//Hibernate/Hibernate Mapping DTD 3.0//EN"
"http://hibernate.sourceforge.net/hibernate-mapping-3.0.dtd">
<hibernate-mapping>
	<class name="com.revature.beans.Employee" table="Employee">
		<id name="id" type="int"> <!-- Bean Property -->
			<column name="EMPLOYEE_ID" /> <!-- Table Column -->
			<generator class="sequence" /> <!-- uses default:HIBERNATE_SEQUENCE -->
		</id>
		<property name="firstName" type="java.lang.String">
			<column name="FIRST_NAME"></column>
		</property>
		<property name="lastName" type="java.lang.String">
			<column name="LAST_NAME"></column>
		</property>
		<property name="salary" type="double">
			<column name="SALARY" />
		</property>
		<property name="hireDate" type="java.util.Date">
			<column name="HIRE_DATE" />
		</property>
		<property name="active" type="boolean">
			<column name="ACTIVE" />
		</property>
		
	</class>
</hibernate-mapping>